chevrolet,malibu,2023
nissan,sentra,2018
mercedes,gle350,2016
mercedes,gle350,2016
honda,civic,2013
ford,f-150,2020
tesla,model y,2021
bmw,528i,2020
bmw,320i,2018
tesla,model 3,2019
bmw,320i,2018
toyota,rav4,2018
,,
honda,cr-v,2020
bmw,528i,2017
toyota,prius,2011
nissan,versa,2021
nissan,versa,2023
honda,civic,2021
nissan,altima,2012
chevrolet,equinox,2013
tesla,model x,2017
nissan,versa,2013
bmw,x5,2012
ford,fusion,2014
tesla,model 3,2010
tesla,model y,2013
honda,fit,2012
chevrolet,malibu,2013
honda,accord,2022
honda,fit,2018
chevrolet,cruze,2019
tesla,model 3,2015
chevrolet,equinox,2012
tesla,model 3,2014
tesla,model y,2015
honda,accord,2023
toyota,corolla,2017
tesla,model s,2011
ford,f-150,2022
nissan,rogue,2013
mercedes,glc300,2017
ford,fusion,2021
nissan,altima,2010
bmw,320i,2014
tesla,model s,2022
ford,escape,2021
chevrolet,cruze,2019
toyota,prius,2019
bmw,320i,2010
mercedes,e350,2020
toyota,prius,2014
toyota,camry,2012
chevrolet,equinox,2016
toyota,camry,2016
mercedes,glc300,2015
toyota,prius,2019
mercedes,c300,2011
bmw,320i,2015
bmw,320i,2018
bmw,x5,2014
nissan,versa,2014
tesla,model 3,2023
ford,focus,2017
honda,accord,2011
bmw,320i,2015
ford,f-150,2017
mercedes,gle350,2020
nissan,sentra,2020
tesla,model y,2017
mercedes,glc300,2020
honda,fit,2011
bmw,528i,2019
tesla,model y,2016
toyota,camry,2022
nissan,altima,2022
toyota,corolla,2013
mercedes,glc300,2015
toyota,rav4,2020
toyota,corolla,2021
toyota,camry,2014
tesla,model x,2012
honda,fit,2016
toyota,rav4,2023
bmw,320i,2016
bmw,x3,2018
tesla,model x,2011
chevrolet,malibu,2019
bmw,x5,2018
chevrolet,cruze,2014
mercedes,c300,2010
chevrolet,equinox,2023
tesla,model s,2012
toyota,rav4,2016
nissan,rogue,2015
honda,accord,2018
toyota,rav4,2010
nissan,altima,2018
tesla,model s,2012
nissan,sentra,2018
nissan,versa,2016
